NewQuestion,MC,
Title,,
QuestionText,1.1. Which of these types is used to represent a number with a fraction part?,
Points,1,
Difficulty,1,
Option,0,a) int
Option,0,b) real
Option,0,c) string
Option,100,d) float
Feedback,"float values represent floating-point numbers, which can have a fraction part.",
NewQuestion,MC,
Title,,
QuestionText,1.2. Which of these is a legal expression?,
Points,1,
Difficulty,1,
Option,0,a) '1' / '2'
Option,0,b) '1'  '2'
Option,0,c) '1' / 2
Option,100,d) '1'  2
Feedback,"When the first operator is a string, the multiplication operator repeats the string, so the result is '11'.",
NewQuestion,MC,
Title,,
QuestionText,1.3. Which of these is the general word for any value used in a mathematical operation like addition or multiplication?,
Points,1,
Difficulty,1,
Option,0,a) term
Option,0,b) factor
Option,0,c) divisor
Option,100,d) operand
Feedback,"An operand"" is a value used in an operation.""",
NewQuestion,MC,
Title,,
QuestionText,"1.4. On the internet, people sometimes argue about the value of an ambiguous mathematical expression like 8รท2(2+2). How do we write this expression in Python?",
Points,1,
Difficulty,1,
Option,0,a) 8 รท 2 (2 + 2)
Option,0,b) 8 / 2 (2 + 2)
Option,0,c) 8 รท 2  (2 + 2)
Option,100,d) 8 / 2  (2 + 2)
Feedback,An alternative is to put 8 / 2 in parentheses so the order of operations is clear.,
NewQuestion,MC,
Title,,
QuestionText,2.1. Which of these is a legal variable name?,
Points,1,
Difficulty,1,
Option,0,a) 2pi
Option,0,b) ?
Option,0,c) import
Option,100,d) is_even
Feedback,"is_even is a legal variable name because letters, numbers, and the underscore character, _, are allowed.",
NewQuestion,MC,
Title,,
QuestionText,2.2. Which of these is NOT a correct way to raise 2 to the third power?,
Points,1,
Difficulty,1,
Option,0,a) 2  2  2
Option,0,b) 2 * 3
Option,0,"c) math.pow(2, 3"
Option,100,d) 2 ^ 3
Feedback,"In some languages, the ^ operator is used for exponentiation, but in Python it means something else.",
NewQuestion,MC,
Title,,
QuestionText,"2.3. When you call a function, what are the values that appear in parentheses?",
Points,1,
Difficulty,1,
Option,0,a) assignments
Option,0,b) comments
Option,0,c) exceptions
Option,100,d) arguments
Feedback,The values you pass to a function are called arguments.,
NewQuestion,MC,
Title,,
QuestionText,"2.4. If a program runs without producing an error message, but it does not do the right thing, what kind of error is that?",
Points,1,
Difficulty,1,
Option,0,a) syntax error
Option,0,b) runtime error
Option,0,c) exception
Option,100,d) semantic error
Feedback,"A semantic error is when a program runs, but does the wrong thing.",
NewQuestion,MC,
Title,,
QuestionText,"3.1. When you define a function, what are the variables that appear in parentheses?",
Points,1,
Difficulty,1,
Option,0,a) arguments
Option,0,b) local variables
Option,0,c) function objects
Option,100,d) parameters
Feedback,A parameter is a variable that gets a value when the function is called.,
NewQuestion,MC,
Title,,
QuestionText,3.2. Which kind of statement can be used to run a line of code more than once?,
Points,1,
Difficulty,1,
Option,0,a) assignment statement
Option,0,b) import statement
Option,0,c) print statement
Option,100,d) for statement
Feedback,"A for statement can run a line of code, or multiple lines, more than once.",
NewQuestion,MC,
Title,,
QuestionText,"3.3. What is wrong with this function, if anything?
def bottle_line(n, suffix):
    print(n)
    print('bottles of beer')
    print(suffix)",
Points,1,
Difficulty,1,
Option,0,"a) Instead of def, the first word should be define."
Option,0,b) You can't have more than one parameter in parentheses.
Option,0,c) Only the first statement of the body should be indented.
Option,100,d) There are no errors in this function.
Feedback,There is nothing wrong with this function.,
NewQuestion,MC,
Title,,
QuestionText,"4.1. What is wrong with this function, if anything?
def square(length):
    for i in range(4):
        forward(50)
        left(90)",
Points,1,
Difficulty,1,
Option,0,a) The indentation of the statements in the for loop is incorrect.
Option,0,b) It does not bring the Turtle back to where it started.
Option,0,c) There are no errors in this function.
Option,100,"d) It always draws the same size square, regardless of length."
Option,0,The indentation in this function is correct.
Option,0,"The Turtle ends where it started, facing in the same direction."
Option,0,There is an error!
Option,0,The size is always 50 -- the value of length is never used.
NewQuestion,MC,
Title,,
QuestionText,4.2. What is it called when you put working statements into a new function definition?,
Points,1,
Difficulty,1,
Option,0,a) generalization
Option,0,b) indentation
Option,0,c) debugging
Option,100,d) encapsulation
Feedback,Encapsulation is the process of transforming a sequence of statements into a function definition.,
NewQuestion,MC,
Title,,
QuestionText,"4.3. Here are two versions of the circle function.
def circle(radius):
    circumference = 2  math.pi  radius
    n = 30
    length = circumference / n
    polygon(n, length)

def circle(radius):
    arc(radius,  360)

What can we say about these functions?",
Points,1,
Difficulty,1,
Option,0,"a) They have the same implementation, but different interfaces."
Option,0,b) They have the same interface and the same implementation.
Option,0,c) They have neither the same interface nor the same implementation.
Option,100,"d) They have the same interface, but different implementations."
Feedback,"They take the same parameter and have the same effect, so they have the same interface -- but they accomplish the effect in different ways, so they have different implementations.",
NewQuestion,MC,
Title,,
QuestionText,"5.1. What is the result of these assignment statements?
a = 25 // 10
b = 25 % 10",
Points,1,
Difficulty,1,
Option,0,a) a is 2.5 and b is 5
Option,0,b) a is 2 and b is 250
Option,0,c) a is 2.5 and b is 250
Option,100,d) a is 2 and b is 5
Feedback,The // operator does integer division and the % operator computes the remainder after division.,
NewQuestion,MC,
Title,,
QuestionText,"5.2. What is the result of these statements?
x = 5
print(x > 5)
print(x <= 5)",
Points,1,
Difficulty,1,
Option,0,a) They print the values True and True
Option,0,b) They print the values True and False
Option,0,c) They print the values False and False
Option,100,d) They print the values False and True
Feedback,"If x is 5, x > 5 is False and x <= 5 is True.",
NewQuestion,MC,
Title,,
QuestionText,"5.3. What is the result of calling this function?
def hello():
    print('hello')
    hello()",
Points,1,
Difficulty,1,
Option,0,a) It prints hello once.
Option,0,b) It prints hello forever.
Option,0,c) It causes an error the first time hello tries to call itself.
Option,100,d) It prints hello many times and then causes an error.
Feedback,"After printing hello many times, it causes a RecursionError.",
NewQuestion,MC,
Title,,
QuestionText,5.4. What kind of operator is or?,
Points,1,
Difficulty,1,
Option,0,a) arithmetic
Option,0,b) bitwise
Option,0,c) relational
Option,100,d) logical
Feedback,"or is a logical operator, along with and and not.",
NewQuestion,MC,
Title,,
QuestionText,"6.1. What is the return value if we call this function with the value 3?
def collatz(x):
    if x % 2 == 0:
        return x // 2
    else:
        return x  3 + 1",
Points,1,
Difficulty,1,
Option,0,a) 1
Option,0,b) 1.5
Option,0,c) It causes an error.
Option,100,d) 10
Feedback,"Because 3 % 2 is 1, the second branch of the conditional runs, and the result is 3  3 + 1, which is 10.",
NewQuestion,MC,
Title,,
QuestionText,6.2. What do we call a function that does not print anything or have any effect other than a return value?,
Points,1,
Difficulty,1,
Option,0,a) recursive
Option,0,b) dead code
Option,0,c) incremental
Option,100,d) pure function
Feedback,A pure function does not print anything or have any effect other than a return value.,
NewQuestion,MC,
Title,,
QuestionText,"6.3. What is the result of calling this function with the values x=1.5 and y=1.6?
def is_close(x, y):
    return abs(x - y) < 0.2",
Points,1,
Difficulty,1,
Option,0,a) There is a syntax error.
Option,0,b) There is a runtime error.
Option,0,c) False
Option,100,d) True
Feedback,"The absolute difference between 1.5 and 1.6 is 0.1, which is less than 0.2.",
NewQuestion,MC,
Title,,
QuestionText,"7.1. This function is supposed to return True if word contains with 'A' or 'a', and False otherwise. But it doesn't work -- What's wrong?
def has_a(wor**d):
    for letter in word.lower():
        if letter == 'a':
            return True
        else:
            return False
        return False",
Points,1,
Difficulty,1,
Option,0,a) The first line of the for statement has a syntax error.
Option,0,"b) It only checks for lowercase 'a', not uppercase 'A'."
Option,0,c) It causes a runtime error if word is an empty string.
Option,100,d) It only checks the first letter of word.
Feedback,"Both branches of the conditional have return statements, so this function ends after checking the first letter.",
NewQuestion,MC,
Title,,
QuestionText,"7.2. Which of these is a legal way to increment x, assuming it has already been assigned a value.",
Points,1,
Difficulty,1,
Option,0,a) x++
Option,0,b) x + 1 = x
Option,0,c) x = +1
Option,100,d) x = x + 1
Feedback,This is a legal way to update the value of x.,
NewQuestion,MC,
Title,,
QuestionText,"7.3. What does this function do?
def check(word, letters):
    for letter in word.lower():
        if letter in letters.lower():
            return False
    return True",
Points,1,
Difficulty,1,
Option,0,a) Returns True if any of the letters in letters appear in word.
Option,0,b) Returns True if any of the letters in word appear in letter.
Option,0,c) Returns True if none of the letters in word appear in letter.
Option,100,d) Returns True if none of the letters in letters appear in word.
Feedback,It returns True if it gets to the end of word and exits the loop having found none of the letters in letters.,
NewQuestion,MC,
Title,,
QuestionText,8.1. What is the result of this comparison: 'Orange' < 'apple'?,
Points,1,
Difficulty,1,
Option,0,a) False
Option,0,b) Syntax error
Option,0,"c) Runtime error, because you can't compare apples and oranges."
Option,100,d) True
Feedback,Because when we compare characters the uppercase 'O' comes before the lowercase 'a'.,
NewQuestion,MC,
Title,,
QuestionText,8.2. Which of these is the correct way to invoke the lower method on a string called s?,
Points,1,
Difficulty,1,
Option,0,a) lower(s)
Option,0,b) string.lower(s)
Option,0,c) s.lower(string)
Option,100,d) s.lower()
Feedback,This is the correct syntax for invoking a method on an object.,
NewQuestion,MC,
Title,,
QuestionText,"8.3. If we use the search function in the re module, which of the following strings matches this pattern: r'ab?c$'?",
Points,1,
Difficulty,1,
Option,0,a) 'ab?c$'
Option,0,b) 'abcd'
Option,0,c) 'abbc'
Option,100,d) 'zac'
Feedback,"It's OK to have extra letters at the beginning, and the b is not required.",
NewQuestion,MC,
Title,,
QuestionText,"9.1. What is the value of t after running these statements?
t = [1, 2, 3]
t.pop(1)
t.append(2)
t.remove(3)",
Points,1,
Difficulty,1,
Option,0,"a) [2, 2]"
Option,0,"b) [1, 3]"
Option,0,"c) [1, 2, 3]"
Option,100,"d) [1, 2]"
Feedback,"t.pop(1) removes the second element, which is 2. t.append(2) adds 2 to the end of the list, and t.remove(3) removes 3.",
NewQuestion,MC,
Title,,
QuestionText,"9.2. What is the value of b after running these statements?
a = [1, 2, 3]
b = a
a.remove(2)",
Points,1,
Difficulty,1,
Option,0,"a) [1, 2]"
Option,0,"b) [1, 2, 3]"
Option,0,c) Runtime error
Option,100,"d) [1, 3]"
Feedback,"a and b refer to the same object, so when we modify a, the value of b also changes.",
NewQuestion,MC,
Title,,
QuestionText,"9.3. What can we say about two lists created like this:
a = [1, 2, 3]
b = [1, 2, 3]",
Points,1,
Difficulty,1,
Option,0,"a = [1, 2, 3]"
Option,0,"b = [1, 2, 3]"
Option,0,a) They are equivalent and identical.
Option,0,b) They are identical but not equivalent.
Option,0,c) They are not equivalent and not identical.
Option,100,d) They are equivalent but not identical.
Feedback,"a and b refer to lists with the same value, so they are equivalent, but they refer to different lists, so they are not identical.",
NewQuestion,MC,
Title,,
QuestionText,"10.1. What is the value of the dictionary d after these statements run?
d = {'a': 1, 'b': 2}
d['a'] = 3",
Points,1,
Difficulty,1,
Option,0,"a) {'a': 1, 'b': 2, 'a': 3}"
Option,0,"b) {'a': 1, 'b': 2}"
Option,0,c) These statements cause a runtime error
Option,100,"d) {'a': 3, 'b': 2}"
Feedback,The second assignment statement updates the value associated with the key 'a'.,
NewQuestion,MC,
Title,,
QuestionText,"10.2. What is the value of the dictionary d after running these statements?
d = {'a': 1, 'b': 2}
d['c'] += 1",
Points,1,
Difficulty,1,
Option,0,"a) {'a': 1, 'b': 2}"
Option,0,"b) {'a': 1, 'b': 2, 'c': 1}"
Option,0,"c) {'a': 1, 'b': 2, 'c': 3}"
Option,100,d) These statements cause a runtime error.
Feedback,"Because c does not appear as a key in the dictionary, the second statement causes a KeyError.",
NewQuestion,MC,
Title,,
QuestionText,"10.3. What happens when the following statements run?
d1 = {'a': 1, 'b': 2}
d2 = {d1: 3}",
Points,1,
Difficulty,1,
Option,0,a) They add d1 as a key in d3.
Option,0,b) They cause a KeyError because d1 is not in d2.
Option,0,c) They cause a ValueError because 3 cannot appear as a value in a dictionary.
Option,100,d) They cause a TypeError because a dictionary cannot appear as a key in a dictionary.
Feedback,"Dictionaries are mutable, so they are not hashable, so they cannot appear as a key in a dictionary.",
NewQuestion,MC,
Title,,
QuestionText,11.1. Which one of these expressions is NOT a tuple?,
Points,1,
Difficulty,1,
Option,0,a) tuple('abc')
Option,0,"b) 'abc',"
Option,0,"c) ('abc',)"
Option,100,d) ('abc')
Feedback,"The parentheses alone do not make a tuple, so the value of this expression is just the string 'abc'.",
NewQuestion,MC,
Title,,
QuestionText,"11.2. What is the result of these statements?
t = tuple('abc')
s = [1, 2, 3]
d = {t: s}",
Points,1,
Difficulty,1,
Option,0,a) A TypeError because a tuple can't appear as a key in a dictionary.
Option,0,b) A TypeError because a list can't appear as a value in a dictionary.
Option,0,c) A syntax error because there should be a comma before the closing brace on the third line.
Option,100,d) A dictionary with one item that maps from a tuple to a list.
Feedback,These statements create a dictionary with one item that maps from a tuple to a list.,
NewQuestion,MC,
Title,,
QuestionText,"11.3. What does this function do?
def printall(*args):
    for value in reversed(args):
        print(value)",
Points,1,
Difficulty,1,
Option,0,a) It has a syntax error because the  operator is not legal before a parameter.
Option,0,"b) It causes a TypeError because args is a tuple, which is immutable and cannot be reversed."
Option,0,c) It takes a single list or tuple and prints the values in reversed order.
Option,100,d) It takes any number of arguments and prints them in reversed order.
Feedback,"It takes any number of arguments and packs"" them into a tuple"," then loops through the tuple in reverse order and prints the elements."""
NewQuestion,MC,
Title,,
QuestionText,"11.4. What is the value of this expression?
('a', 3) < ('b', 1)",
Points,1,
Option,0,"('a', 3) < ('b', 1)"
Option,0,a) False because 3 is greater than 1.
Option,0,"b) These values can't be compared because 'a' is less than 'b', but 3 is greater than 1."
Option,0,c) A TypeError because the < operator doesn't work with tuples.
Option,100,d) True because 'a' is less than 'b'.
Feedback,"When tuples are compared, the first elements are compared first.",
NewQuestion,MC,
Title,,
QuestionText,"12.1. Assuming that t is a list of strings, what does the following line of code do?
sorted(t, key=len)",
Points,1,
Difficulty,1,
Option,0,a) Modifies t and sorts the elements in alphabetical order.
Option,0,b) Makes a new list that contains the elements in alphabetical order.
Option,0,c) Modifies t and sorts the elements from shortest to longest
Option,100,d) Makes a new list that contains the elements in order from shortest to longest.
Feedback,"sorted makes a new list, and key=len sorts the elements from shortest to longest.",
NewQuestion,MC,
Title,,
QuestionText,"12.2. What is the effect of running this program?
word_counter = {}
for line in open(filename):
    for word in split_line(line):
        word_counter[word] += 1",
Points,1,
Difficulty,1,
Option,0,a) It makes a dictionary that maps from each word to the number of times it appears.
Option,0,b) It has a syntax error because the indentation is not correct.
Option,0,c) It has a semantic error because all the keys in word_counter map to the value 1.
Option,100,d) It causes a KeyError when it tries to increment a value in word_counter.
Feedback,"Because word_counter is initially empty, the program causes a KeyError when it tries to increment a value in word_counter.",
NewQuestion,MC,
Title,,
QuestionText,"12.3. If we run the following lines of code, what is the probability that the result is 'a'?
letters = ['a', 'b', 'c']
weights = [1, 2, 3]
random.choices(letters, weights=weights)",
Points,1,
Difficulty,1,
Option,0,a) 1/3
Option,0,b) 1/4
Option,0,c) 1/5
Option,100,d) 1/6
Feedback,"The weight associated with 'a' is 1 and the total of the weights is 6, so the probability of choosing 'a' is 1/6.",
NewQuestion,MC,
Title,,
QuestionText,"13.1. If the current working directory is /home/dinsdale/photos and you open a file using the relative path mar-2023/photo1.jpg, which of these expressions computes the absolute path of the file that gets opened?",
Points,1,
Difficulty,1,
Option,0,"a) ''.join('/home/dinsdale/photos', 'mar-2023/photo1.jpg')"
Option,0,b) 'mar-2023/photo1.jpg' + '/home/dinsdale/photos'
Option,0,c) '/home/dinsdale/photos' + 'mar-2023/photo1.jpg'
Option,100,"d) os.path.join('/home/dinsdale/photos', 'mar-2023/photo1.jpg')"
Feedback,"The os.path.join function joins the two paths with either a forward or backward slash, depending on which operating system is running.",
NewQuestion,MC,
Title,,
QuestionText,"13.2. After these statements run, what is the value of s?
x = 1
t = 1,
s = f'x is an int, {x}. t is a tuple, {t}'",
Points,1,
Difficulty,1,
Option,0,a) This is an error because {x} and {t} are not valid dictionaries.
Option,0,b) This is an error because a tuple can't be used as a value in an f-string.
Option,0,"c) 'x is an int, {x}. t is a tuple, {t}'"
Option,100,"d) 'x is an int, 1. t is a tuple, (1,)'"
Feedback,"Inside the f-string, the expressions in curly braces are replaced with string representations of their values.",
NewQuestion,MC,
Title,,
QuestionText,"13.3. After these statements run, what is the value of db[key]?
db = shelve.open('anagram_map', 'n')
key = 'opst'
db[key] = []
db[key].append('stop')",
Points,1,
Difficulty,1,
Option,0,a) ['stop']
Option,0,b) 'stop'
Option,0,"c) [], 'stop'"
Option,100,d) []
Feedback,"The append method does not work as intended here because it modifies only the list in memory, not the one in the database.",
NewQuestion,MC,
Title,,
QuestionText,"14.1. To create an instance of a programmer-defined type, what is the correct order for these steps?",
Points,1,
Difficulty,1,
Option,0,"a) Assign values to attributes, define a class, instantiate an object."
Option,0,"b) Instantiate an object, define a class, assign values to attributes."
Option,0,"c) Define a class, assign values to attributes, instantiate an object."
Option,100,"d) Define a class, instantiate an object, assign values to attributes."
Feedback,"You have to define a class, instantiate an object, and assign values to attributes, in that order.",
NewQuestion,MC,
Title,,
QuestionText,"14.2. These statements are intended to define a Date class and create a Date object. What is wrong with them?
def Date:
    """"""Represents a day of the year.""""""
    
date = Date()
date.year = 2024
date.month = 'January'
date.day = 11",
Points,1,
Difficulty,1,
Option,0,a) You can't have a class named Date and a variable named date.
Option,0,b) All of the attributes have to have the same type.
Option,0,c) The syntax is not correct for adding attributes to the object.
Option,100,"d) A class definition has to start with class, not def."
Feedback,A class definition has to start with class. A function definition starts with def.,
NewQuestion,MC,
Title,,
QuestionText,"14.3. Which of these is a correct description of this function? You can assume that date is a Date object that has a day attribute.

def increment_day(date):
    date.day += 1
    return date",
Points,1,
Difficulty,1,
Option,0,a) It is a pure function that returns None.
Option,0,b) It is an impure function that returns None.
Option,0,c) It is a pure function that returns a Date object.
Option,100,d) It is an impure function that returns a Date object.
Feedback,"This function modifies an attribute of the Date object it gets as a parameter, so it is an impure function -- and it returns a reference to the same Date object.",
NewQuestion,MC,
Title,,
QuestionText,"15.1. Suppose time is a Time object, and increment is an instance method defined in the Time class. What happens when we invoke increment like this?

time.increment(42)",
Points,1,
Difficulty,1,
Option,0,"a) 42 is assigned to the first parameter of the method, and time is assigned to the second."
Option,0,b) This is an error because increment requires one arguments and two are provided.
Option,0,c) This is an error because increment requires two argument and only one is provided.
Option,100,d) time is assigned to the first parameter of the method and 42 is assigned to the second.
Feedback,"time is assigned to the first parameter of the method, which is conventionally called self, and 42 is assigned to the second.",
NewQuestion,MC,
Title,,
QuestionText,"15.2. Suppose time is a Time object, and int_to_time is a static method defined in the Time class. What happens when we invoke int_to_time like this?

start = Time.int_to_time(34800)",
Points,1,
Difficulty,1,
Option,0,a) This is an error because int_to_time requires one argument and two are provided.
Option,0,b) The Time class object is assigned to the first parameter of the method and 34800 is assigned to the second.
Option,0,c) 34800 is assigned to the first parameter of the method and the Time class object is assigned to the second.
Option,100,d) 34800 is assigned to the first parameter of int_to_time.
Feedback,"34800 is assigned to the first parameter of int_to_time. Because Time is a class, it is not passed as an argument.",
NewQuestion,MC,
Title,,
QuestionText,15.3. Which of the following statements is NOT correct?,
Points,1,
Difficulty,1,
Option,0,"a) When we instantiate an object, its __init__ method is invoked."
Option,0,"b) When we use the + operator with an object, its __add__ method is invoked."
Option,0,"c) When we print an object, its __str__ method is invoked."
Option,100,"d) When we define a new class, its __init__ method is invoked."
Feedback,Defining a new class does not invoke its __init__ method.,
NewQuestion,MC,
Title,,
QuestionText,16.1. Which of these is the term for a function or method that works with more than one type of object?,
Points,1,
Difficulty,1,
Option,0,a) pure
Option,0,b) equivalent
Option,0,c) static
Option,100,d) polymorphic
Feedback,A function that works with more than one type is polymorphic.,
NewQuestion,MC,
Title,,
QuestionText,"16.2. What is wrong with this class definition?
class Point:
    """"""Represents a point in 2-D space.""""""
    
    def __init__(self, x, y):
        x = self.x
        y = self.y",
Points,1,
Difficulty,1,
Option,0,a) __init__ is not a legal name for a method because it does not start with a letter.
Option,0,b) The triple-quoted string has to be inside a method definition.
Option,0,"c) The first parameter of the method should be called point, not self."
Option,100,"d) The assignment statements should be the other way around, as in self.x = x and self.y = y."
Feedback,"The assignment statements should be the other way around, as in self.x = x and self.y = y.",
NewQuestion,MC,
Title,,
QuestionText,"16.3. Suppose we define a Line class so that each Line object has two attributes that refer to Point objects.

class Line:
    def __init__(self, p1, p2):
        self.p1 = p1
        self.p2 = p2

If we import the copy function from the copy module and use it to make a copy of a Line object, which of these statements is true?",
Points,1,
Difficulty,1,
Option,0,a) The result is a deep copy that copies the Line object and the Point objects it contains.
Option,0,b) The result is a deep copy that copies the Line object but not the Point objects it contains.
Option,0,c) The result is a shallow copy that copies the Line object and the Point objects it contains.
Option,100,d) The result is a shallow copy that copies the Line object but not the Point objects it contains.
Feedback,"The copy function makes a shallow copy, which copies the Line object but not the Point objects it contains.",
NewQuestion,MC,
Title,,
QuestionText,17.1. Which of the following is NOT a correct statement about class variables.,
Points,1,
Difficulty,1,
Option,0,"a) They are defined inside a class definition, but not inside a method definition."
Option,0,b) They can be accessed using a class object.
Option,0,c) They can have any type.
Option,100,d) They are immutable.
Feedback,"This statement is false -- that is, class variables are mutable.",
NewQuestion,MC,
Title,,
QuestionText,"17.2. Suppose we define a Card class like this:
class Card:
    
    def __init__(self, suit, rank):
        self.suit = suit
        self.rank = rank

If this class does not provide an __eq__ method, what happens if we compare two cards using the == operator.",
Points,1,
Difficulty,1,
Option,0,a) That's an error.
Option,0,"b) By default, only the first attribute is compared."
Option,0,"c) By default, all of the attributes are compared as if they were in a tuple."
Option,100,"d) By default, the objects are equal only if they are identical."
Feedback,"If a class provides no __eq__, the == operator checks whether objects are identical.",
NewQuestion,MC,
Title,,
QuestionText,"17.3. Which of the following statements is true when one class inherits from another, like this:

class Hand(Deck):
    ""Represents a hand of playing cards.""""""""",
Points,1,
Difficulty,1,
Option,0,a) Hand is a parent class and Deck is a child class.
Option,0,b) Every function that works with Hand should also work with Deck.
Option,0,"c) Every Hand object has the same attributes as every Deck object, no more or less."
Option,100,d) Every method defined in the Deck class can also be invoked on a Hand object.
Feedback,"If Hand inherits from Deck, every method defined in the Deck class should work with a Hand object.",
NewQuestion,MC,
Title,,
QuestionText,17.4. What do we call it when one method invokes another to do most or all of the work?,
Points,1,
Difficulty,1,
Option,0,a) inheritance
Option,0,b) generalization
Option,0,c) specialization
Option,100,d) delegation
Feedback,Delegation is when one method passes responsibility to another method to do most or all of the work.,
NewQuestion,MC,
Title,,
QuestionText,"18.1. What is the result of this operation?
set('abba') <= set('abc')",
Points,1,
Difficulty,1,
Option,0,a) False because 'abba' is longer than 'abc'.
Option,0,"b) A runtime error because 'abba' contains duplicate elements, so it is not a set."
Option,0,"c) A runtime error because a string is immutable, so it cannot be transformed into a set."
Option,100,d) True because the elements of 'abba' are a subset of the elements of 'abc'.
Feedback,"With set objects, the <= operator checks whether one set is a subset of another -- including the possibility that they are equal.",
NewQuestion,MC,
Title,,
QuestionText,"18.2. What is the value of counter after these statements run?
from collections import Counter

t = (1, 1, 1, 2, 2, 3)
counter = Counter(t)",
Points,1,
Difficulty,1,
Option,0,"a) (1, 1, 1, 2, 2, 3)"
Option,0,"b) {1: 3, 2: 2, 3: 1}"
Option,0,"c) Counter(1, 1, 1, 2, 2, 3)"
Option,100,"d) Counter({1: 3, 2: 2, 3: 1})"
Feedback,The result is a Counter object that contains the elements of the list and the number of times each one appears.,
NewQuestion,MC,
Title,,
QuestionText,"18.3. Which comment about this class definition is correct?

class Game:
    """"""Represents a game with a dictionary that maps from teams to scores.""""""
    \n
    def __init__(self, scores={}):
        self.scores = score",
Points,1,
Difficulty,1,
Option,0,a) All Game objects refer to different dictionaries.
Option,0,b) All Game objects refer to the same dictionary.
Option,0,c) All Game objects created with the default value of scores refer to an empty dictionary.
Option,100,d) All Game objects created with the default value of scores refer to the same dictionary.
Feedback,"All Game objects created with the default value get a reference to the same dictionary -- so if any of them modify it, they all see the change.",
NewQuestion,MC,
Title,,
QuestionText,"18.4. What is the value of this expression?
all(number < 10 for number in [2, 4, 6, 8])",
Points,1,
Difficulty,1,
Option,0,"a) [2, 4, 6, 8], which contains all numbers in the list less than 10."
Option,0,b) An error because the list comprehension has to be in square brackets.
Option,0,c) False because there are not any numbers in the list that are not less than 10.
Option,100,d) True because all numbers in the list are less than 10.
Feedback,"The values produced by the generator expression are all True, so the result from the all function is True.",
NewQuestion,MC,
Title,,
QuestionText,"18.5. What is the value of d[key] after these statements run, or is there an error?
from collections import defaultdict

d = defaultdict(list)
key = ('into', 'the')
d[key].append('woods')",
Points,1,
Difficulty,1,
Option,0,a) An error because a tuple cannot be used as a key in a defaultdict.
Option,0,b) An error because we have to add the key to the defaultdict before we can look it up.
Option,0,c) 'woods'
Option,100,d) ['woods']
Feedback,"When the key is added to the defaultdict, the corresponding value is an empty list. After the append method is invoked, the list contains a single element, the string 'woods'.",
NewQuestion,MC,
Title,,
QuestionText,"18.6. What value is printed when this function runs?
def pack_and_print(**kwargs):
    print(kwargs)

pack_and_print(a=1, b=2)",
Points,1,
Difficulty,1,
Option,0,a) This is an error because the exponentiation operator * can't appear in a list of parameters.
Option,0,"b) [(a, 1), (b, 2)]"
Option,0,"c) {'a', 'b'}, [1, 2]"
Option,100,"d) {'a': 1, 'b': 2}"
Feedback,"The pack operator, *, packs the keyword arguments into a dictionary that maps from keyword names to values.",
NewQuestion,MC,
Title,,
QuestionText,"S.1. What is the output of this program?
s = '3'
str(s) * int(s)",
Points,1,
Difficulty,1,
Option,0,a) The integer 9
Option,0,b) The string '9'
Option,0,c) The integer 333
Option,100,d) The string '333'
Feedback,Multiplying a string by the integer 3 repeats the string three times. See Chapter 1.,
NewQuestion,MC,
Title,,
QuestionText,"S.2. For this function to work without causing an error, what are the preconditions for n?

def countdown(n):
    if n == 0:
        print('Blastoff!')
    else:
        print(n)
        countdown(n-1)",
Points,1,
Difficulty,1,
Option,0,a) n must be a float.
Option,0,b) n must be negative.
Option,0,"c) n must be strictly positive, not 0."
Option,100,d) n must be a positive integer or 0.
Feedback,"n must be non-negative -- that is, positive or 0. See Chapter 5.",
NewQuestion,MC,
Title,,
QuestionText,"S.3. What is wrong with the following program?

def compare(x, y):
    if x < y:
        return -1
    else:
        return 1    
    return 0",
Points,1,
Difficulty,1,
Option,0,a) It has a syntax error because the last line is not indented.
Option,0,b) It has a runtime error because the return value cannot be negative.
Option,0,c) It has a syntax error because it has more than one return statement.
Option,100,d) It has a logic error because the last line is dead code.
Feedback,"There is a return statement in both branches of the if statement, so the last line can never run -- it is dead code. See Chapter 6.",
NewQuestion,MC,
Title,,
QuestionText,"S.4. What is the output of this program, or is there an error?
def rectangle_area(length, width):
    return length  width

area = rectangle_area(3, 5)
print(length)",
Points,1,
Difficulty,1,
Option,0,a) because the first argument gets assigned to length.
Option,0,b) because the second argument gets assigned to length.
Option,0,c) Syntax error because there are two variables in the return statement.
Option,100,d) Runtime error because the parameter length does not exist outside the function.
Feedback,Parameters and local variables only exist inside the functions where they are defined. See Chapter 6.,
NewQuestion,MC,
Title,,
QuestionText,"S.5. What is wrong with the following program?

s = int('123')
for digit in s:
    print(digit)",
Points,1,
Difficulty,1,
Option,0,a) There is nothing wrong -- the program is correct.
Option,0,b) digit is not a legal name for a loop variable.
Option,0,"c) int is a type, not a function."
Option,100,"d) s is not a sequence, so we can't loop through its elements."
Feedback,"s is an integer, which is not a sequence, so it can't be looped over. See Chapter 7.",
NewQuestion,MC,
Title,,
QuestionText,S.6. Which of these is a correct way to convert a string to lowercase?,
Points,1,
Difficulty,1,
Option,0,a) lower(str)
Option,0,b) str = lower(str)
Option,0,c) str.lower()
Option,100,d) str = str.lower()
Feedback,"str.lower() creates a new string -- if we assign it back to str, the new string replaces the old one. See Chapter 7.",
NewQuestion,MC,
Title,,
QuestionText,"S.7. The following function takes two strings as parameters and returns a string. Which of the following docstrings is a correct description of what this function does?

def compute(word1, word2):
    t = []
    for letter in word1:
        if letter in word2:
            t.append(letter)
    return ''.join(t)",
Points,1,
Difficulty,1,
Option,0,a) Returns the letters that appear in either word1 or word2 or both.
Option,0,b) Returns the letters that appear in either word1 or word2 but not both.
Option,0,c) Returns the letters that appear in word1 but not word2.
Option,100,d) Returns the letters that appear in both word1 and word2.
Feedback,This function returns a string that contains the letters that appear in both word1 and word2. See Chapter 7.,
NewQuestion,MC,
Title,,
QuestionText,"S.8. This function is intended to convert the first letter of a word to lowercase and the rest of the letters to uppercase.

def lower_upper(wor**d):
    first = word[0]
    rest = word[1:]
    word = first.lower() + rest.upper()

What is the value of word if we call this function like this -- or is there an error?
word = lower_upper('Python')",
Points,1,
Difficulty,1,
Option,0,a) The result is a syntax error because a : character cannot appear inside the bracket operator.
Option,0,b) The result is a runtime error because 0 is not a valid index.
Option,0,c) The program is correct -- the value of word is 'pYTHON'.
Option,100,d) The program contains a logic error -- the value of word is None.
Feedback,"The function has no return statement, so it returns None. Assigning a new value to the parameter word has no effect outside the function. See Chapter 9.",
NewQuestion,MC,
Title,,
QuestionText,"S.9. If we use the search function in the re module, which of the following strings matches this pattern: r'^a(bc|de)f$'?",
Points,1,
Difficulty,1,
Option,0,a) 'abcdef'
Option,0,b) 'zadef'
Option,0,c) 'abc'
Option,100,d) 'adef'
Feedback,"This string has 'a' at the beginning 'f' at the end, and 'de' in the middle. See Chapter 8.",
NewQuestion,MC,
Title,,
QuestionText,"S.10. What is the result of this program?
t = [1, 2, 3, 4]
t[1:-1]",
Points,1,
Difficulty,1,
Option,0,a) An IndexError because -1 is not a legal index.
Option,0,"b) [1, 2, 3]"
Option,0,"c) [2, 3, 4]"
Option,100,"d) [2, 3]"
Feedback,"The slice index 1:-1 selects elements from the second to the second-to-last, including both. See Chapter 9.",
NewQuestion,MC,
Title,,
QuestionText,"S.11. After these statements run, what are the values of a and b, or is there an error?
a, b = 1, 2
a, b = b, a",
Points,1,
Difficulty,1,
Option,0,a) There is a runtime error because the values on the right are tuples.
Option,0,b) There is a syntax error because the assignment statement has more than one variable.
Option,0,c) a is 1 and b is 2.
Option,100,d) a is 2 and b is 1.
Feedback,"After the first assignment a is 1 and b is 2, and then the second assignment swaps the values. See Chapter 11.",
NewQuestion,MC,
Title,,
QuestionText,S.12. Why can't a list appear as a key in a dictionary?,
Points,1,
Difficulty,1,
Option,0,a) The elements in a list might not be totally ordered.
Option,0,b) The elements in a list can be different types.
Option,0,c) Lists can contain any number of elements.
Option,100,"d) Lists are mutable, which makes them unhashable."
Feedback,"If an object is mutable, it isn't hashable, which means it can't be used as a key in a dictionary. See Chapter 10, chaptertitle"" and Chapter 11.""",
NewQuestion,MC,
Title,,
QuestionText,S.13. What is the primary difference between a list and a tuple?,
Points,1,
Difficulty,1,
Option,0,a) A list can contain any type; a tuple can only contain hashable types.
Option,0,b) A tuple can contain any type; a list can only contain hashable types.
Option,0,c) A tuple is mutable; a list is immutable.
Option,100,d) A list is mutable; a tuple is immutable.
Feedback,A tuple is immutable. See Chapter 11.,
NewQuestion,MC,
Title,,
QuestionText,"S.14. Which of these is a correct way to reverse the elements of a list in place -- that is, by modifying an existing list without creating a new list?",
Points,1,
Difficulty,1,
Option,0,a) t = reversed(t)
Option,0,b) reversed(t)
Option,0,c) t = t.reverse()
Option,100,d) t.reverse()
Feedback,t.reverse() reverses the elements of t without creating a new list. See Chapter 11.,
NewQuestion,MC,
Title,,
QuestionText,"S.15. What is the result of this program?
s = ['bbb', 'aa', 'c']
sorted(s, key=len, reverse=True)",
Points,1,
Difficulty,1,
Option,0,"a) ['aa', 'bbb', 'c']"
Option,0,"b) ['c', 'aa', 'bbb']"
Option,0,"c) ['c', 'bbb', 'aa']"
Option,100,"d) ['bbb', 'aa', 'c']"
Feedback,"key=len sorts by length, rather than alphabetical order, and reverse=True sorts in descending order, so the result is ['bbb', 'aa', 'c']. See Chapter 12.",
NewQuestion,MC,
Title,,
QuestionText,"S.16. What does the following function do?
def compute(d1, d2):
    res = {}
    for key in d1:
        res[key] = d1[key]
    for key in d2:
        res[key] = d2[key]
    return res",
Points,1,
Difficulty,1,
Option,0,a) Adds the keys from d1 to d2.
Option,0,b) Adds the keys from d2 to d1.
Option,0,c) Makes a new dictionary with all keys that are in both d1 and d2.
Option,100,d) Makes a new dictionary with all keys that are in either d1 or d2.
Feedback,"The new dictionary has all keys from either dictionary. If the same key appears in both, it gets the value from d2. See Chapter 12.",
NewQuestion,MC,
Title,,
QuestionText,"S.17. Suppose we run the following program to get the current working directory:
import os

os.getcwd()
And the result is /home/dinsdale/photos. Now suppose we run the following program to check for the existence of a file:
os.path.exists('apr-2023/photo1.jpg')
What is the absolute path of the file that gets checked?",
Points,1,
Difficulty,1,
Option,0,a) 'photo1.jpg'
Option,0,b) 'apr-2023/photo1.jpg'
Option,0,c) '/home/dinsdale/photo1.jpg'
Option,100,d) '/home/dinsdale/photos/apr-2023/photo1.jpg'
Feedback,"Because 'apr-2023/photo1.jpg' is a relative path, it gets joined to the current working directory. See Chapter 13.",
NewQuestion,MC,
Title,,
QuestionText,"What is the result of this program?
class Day:
    def __init__(self, day):
        self.day = day

    def __str__(date):
        return f'Today is {date.day}'
 
print(Day('Wednesday'))",
Points,1,
Difficulty,1,
Option,0,a) f'Today is Wednesday'
Option,0,b) 'Today is {Wednesday}'
Option,0,c) f'Today is {date.day}'
Option,100,d) 'Today is Wednesday'
Feedback,"In a format string, the expression in curly braces gets replaced by its value. See Chapter 15.",
NewQuestion,MC,
Title,,
QuestionText,"S.19. Assuming that the Animal class exists, what is the output of this program?
class Cat(Animal):
    """"""Represents a cat.""""""
 \n   
cat = Cat()
isinstance(cat, Animal)",
Points,1,
Difficulty,1,
Option,0,a) False because an instance of a parent class is not an instance of the child class.
Option,0,b) False because an instance of a child class is not an instance of the parent class.
Option,0,c) True because every instance of a parent class is also an instance of the child class.
Option,100,d) True because every instance of a child class is also an instance of the parent class.
Feedback,"In this example, Cat is a child class of Animal, so every Cat object is also an instance of Animal. See Chapter 17.",
NewQuestion,MC,
Title,,
QuestionText,"S.20. What is the result of this program?
from collections import namedtuple
\n
Point = namedtuple('Point', ['x', 'y'])
p = Point(3, 4)
p[1]",
Points,1,
Difficulty,1,
Option,0,a) AttributeError because the attributes of p are x and y.
Option,0,b) IndexError because the attributes of p are x and y.
Option,0,c) because p is a namedtuple and the element with index 1 is 3.
Option,100,d) 4 because p is a namedtuple and the element with index 1 is 4.
Feedback,In a named tuple -- as in a tuple -- the index of the second element is 1. See Chapter 18.,
NewQuestion,MC,
Title,,
QuestionText,"S.21. We can call the built-in function round like this:
import math

round(math.pi, ndigits=3)
The result is the value of math.pi round off to three decimal places. 

Now suppose we have the positional argument in a tuple and the keyword argument in a dictionary, like this:
args = (math.pi,)
kwargs = {""ndigits"": 3}

Which of these is a correct way to call round and get the same result?",
Points,1,
Difficulty,1,
Option,0,"a) round(args, kwargs)"
Option,0,"b) round(*args, kwargs)"
Option,0,"c) round(**args, *kwargs)"
Option,100,"d) round(*args, *kwargs)"
Feedback,The operator unpacks the elements of args and the * operator unpacks the items in kwargs. See Chapter 18.,